"","ppg","time"
"1",77.401085,37.208252
"2",78.450905,37.22168
"3",79.42504,37.235107
"4",80.24536,37.248535
"5",80.86549,37.261963
"6",81.26101,37.27539
"7",81.43679,37.28882
"8",81.42214,37.302246
"9",81.25613,37.315674
"10",80.987564,37.3291
"11",80.6482,37.34253
"12",80.26734,37.355957
"13",79.87671,37.369385
"14",79.500725,37.382812
"15",79.15892,37.39624
"16",78.8806,37.409668
"17",78.68284,37.423096
"18",78.58518,37.436523
"19",78.5803,37.44995
"20",78.658424,37.46338
"21",78.79759,37.476807
"22",78.96849,37.490234
"23",79.12474,37.503662
"24",79.237045,37.51709
"25",79.27856,37.530518
"26",79.234604,37.543945
"27",79.10765,37.557373
"28",78.907455,37.5708
"29",78.65354,37.58423
"30",78.365456,37.597656
"31",78.05051,37.611084
"32",77.72091,37.62451
"33",77.3962,37.63794
"34",77.083694,37.651367
"35",76.80049,37.664795
"36",76.55146,37.678223
"37",76.33173,37.69165
"38",76.13153,37.70508
"39",75.95087,37.718506
"40",75.80682,37.731934
"41",75.74578,37.74536
"42",75.8288,37.75879
"43",76.104675,37.772217
"44",76.60029,37.785645
"45",77.29122,37.799072
"46",78.10422,37.8125
"47",78.94408,37.825928
"48",79.7058,37.839355
"49",80.29908,37.852783
"50",80.66773,37.86621
"51",80.79469,37.87964
"52",80.69459,37.893066
"53",80.40894,37.906494
"54",79.98657,37.91992
"55",79.47875,37.93335
"56",78.93919,37.946777
"57",78.41917,37.960205
"58",77.97482,37.973633
"59",77.65255,37.98706
"60",77.47921,38.00049
"61",77.452354,38.013916
"62",77.540245,38.027344
"63",77.66964,38.04077
"64",77.77463,38.0542
"65",77.79904,38.067627
"66",77.71114,38.081055
"67",77.48409,38.094482
"68",77.12276,38.10791
"69",76.64423,38.121338
"70",76.07782,38.134766
"71",75.457695,38.148193
"72",74.80095,38.16162
"73",74.09781,38.17505
"74",73.31655,38.188477
"75",72.49378,38.201904
"76",71.744255,38.215332
"77",71.22667,38.22876
"78",71.03136,38.242188
"79",71.16075,38.255615
"80",71.505,38.269043
"81",71.885864,38.28247
"82",72.12512,38.2959
"83",72.17883,38.309326
"84",72.112915,38.322754
"85",72.05188,38.33618
"86",72.10315,38.34961
"87",72.35706,38.363037
"88",72.86977,38.376465
"89",73.66567,38.389893
"90",74.73991,38.40332
"91",76.06317,38.416748
"92",77.55978,38.430176
"93",79.12962,38.443604
"94",80.638435,38.45703
"95",81.951935,38.47046
"96",82.96269,38.483887
"97",83.62432,38.497314
"98",83.949036,38.510742
"99",83.99054,38.52417
"100",83.83429,38.537598
"101",83.57061,38.551025
"102",83.267876,38.564453
"103",82.96025,38.57788
"104",82.650185,38.59131
"105",82.3328,38.604736
"106",82.003204,38.618164
"107",81.654076,38.63159
"108",81.30251,38.64502
"109",80.96315,38.658447
"110",80.66285,38.671875
"111",80.40406,38.685303
"112",80.17212,38.69873
"113",79.954834,38.71216
"114",79.7351,38.725586
"115",79.49584,38.739014
"116",79.219955,38.75244
"117",78.89769,38.76587
"118",78.53147,38.779297
"119",78.13107,38.792725
"120",77.7087,38.806152
"121",77.30343,38.81958
"122",76.94209,38.833008
"123",76.64179,38.846436
"124",76.40742,38.859863
"125",76.22919,38.87329
"126",76.087585,38.88672
"127",75.95087,38.900146
"128",75.81659,38.913574
"129",75.68963,38.927002
"130",75.58709,38.94043
"131",75.53094,38.953857
"132",75.528496,38.967285
"133",75.57488,38.980713
"134",75.65545,38.99414
"135",75.757996,39.00757
"136",75.90692,39.020996
"137",76.1535,39.034424
"138",76.58076,39.04785
"139",77.25704,39.06128
"140",78.20676,39.074707
"141",79.398186,39.088135
"142",80.740974,39.101562
"143",82.09598,39.11499
"144",83.33868,39.128418
"145",84.368965,39.141846
"146",85.135574,39.155273
"147",85.628746,39.1687
"148",85.88754,39.18213
"149",85.960785,39.195557
"150",85.892426,39.208984
"151",85.73617,39.222412
"152",85.52621,39.23584
"153",85.279625,39.249268
"154",85.0013,39.262695
"155",84.68635,39.276123
"156",84.32502,39.28955
"157",83.914856,39.30298
"158",83.46075,39.316406
"159",82.98222,39.329834
"160",82.513466,39.34326
"161",82.08133,39.35669
"162",81.70046,39.370117
"163",81.38064,39.383545
"164",81.10719,39.396973
"165",80.86549,39.4104
"166",80.638435,39.42383
"167",80.413826,39.437256
"168",80.17944,39.450684
"169",79.9353,39.46411
"170",79.676506,39.47754
"171",79.40063,39.490967
"172",79.10765,39.504395
"173",78.80003,39.517822
"174",78.487526,39.53125
"175",78.184784,39.544678
"176",77.891815,39.558105
"177",77.61349,39.571533
"178",77.349815,39.58496
"179",77.09834,39.59839
"180",76.86885,39.611816
"181",76.65644,39.625244
"182",76.46357,39.63867
"183",76.297554,39.6521
"184",76.1535,39.665527
"185",76.03143,39.678955
"186",75.92645,39.692383
"187",75.83124,39.70581
"188",75.74334,39.71924
"189",75.65545,39.732666
"190",75.579765,39.746094
"191",75.53826,39.75952
"192",75.596855,39.77295
"193",75.83368,39.786377
"194",76.3122,39.799805
"195",77.07149,39.813232
"196",78.099335,39.82666
"197",79.31762,39.840088
"198",80.59937,39.853516
"199",81.812775,39.866943
"200",82.845505,39.88037
"201",83.6292,39.8938
"202",84.13458,39.907227
"203",84.39094,39.920654
"204",84.44221,39.934082
"205",84.349434,39.94751
"206",84.173645,39.960938
"207",83.963684,39.974365
"208",83.74395,39.987793
"209",83.52422,40.00122
"210",83.302055,40.01465
"211",83.055466,40.028076
"212",82.76982,40.041504
"213",82.43778,40.05493
"214",82.074005,40.06836
"215",81.69314,40.081787
"216",81.31472,40.095215
"217",80.96559,40.108643
"218",80.66285,40.12207
"219",80.4065,40.135498
"220",80.19409,40.148926
"221",80.02075,40.162354
"222",79.8645,40.17578
"223",79.71313,40.18921
"224",79.54711,40.202637
"225",79.35668,40.216064
"226",79.14183,40.229492
"227",78.89769,40.24292
"228",78.63401,40.256348
"229",78.35813,40.269775
"230",78.082245,40.283203
"231",77.81613,40.29663
"232",77.5671,40.31006
"233",77.33761,40.323486
"234",77.13008,40.336914
"235",76.94209,40.35034
"236",76.76631,40.36377
"237",76.60517,40.377197
"238",76.46601,40.390625
"239",76.34638,40.404053
"240",76.243835,40.41748
"241",76.16083,40.43091
"242",76.09003,40.444336
"243",76.02655,40.457764
"244",75.96796,40.47119
"245",75.91913,40.48462
"246",75.88251,40.498047
"247",75.84833,40.511475
"248",75.82147,40.524902
"249",75.79706,40.53833
"250",75.77997,40.551758
"251",75.76532,40.565186
"252",75.757996,40.578613
"253",75.75311,40.59204
"254",75.74822,40.60547
"255",75.736015,40.618896
"256",75.72869,40.632324
"257",75.75311,40.645752
"258",75.877625,40.65918
"259",76.17059,40.672607
"260",76.70771,40.686035
"261",77.52071,40.699463
"262",78.5803,40.71289
"263",79.81079,40.72632
"264",81.08522,40.739746
"265",82.27421,40.753174
"266",83.27276,40.7666
"267",84.01007,40.78003
"268",84.471504,40.793457
"269",84.67902,40.806885
"270",84.68391,40.820312
"271",84.55207,40.83374
"272",84.34699,40.847168
"273",84.11749,40.860596
"274",83.88068,40.874023
"275",83.648735,40.88745
"276",83.421684,40.90088
"277",83.18486,40.914307
"278",82.933395,40.927734
"279",82.66239,40.941162
"280",82.36942,40.95459
"281",82.06424,40.968018
"282",81.76883,40.981445
"283",81.50027,40.994873
"284",81.28054,41.0083
"285",81.109634,41.02173
"286",80.98024,41.035156
"287",80.88258,41.048584
"288",80.79225,41.06201
"289",80.69459,41.07544
"290",80.57984,41.088867
"291",80.445564,41.102295
"292",80.28443,41.115723
"293",80.10132,41.12915
"294",79.89868,41.14258
"295",79.69604,41.156006
"296",79.48852,41.169434
"297",79.28344,41.18286
"298",79.08568,41.19629
"299",78.89769,41.209717
"300",78.712135,41.223145
"301",78.538795,41.236572
"302",78.37522,41.25
"303",78.23117,41.263428
"304",78.10666,41.276855
"305",78.00168,41.290283
"306",77.91623,41.30371
"307",77.85275,41.31714
"308",77.79904,41.330566
"309",77.752655,41.343994
"310",77.7087,41.35742
"311",77.659874,41.37085
"312",77.608604,41.384277
"313",77.557335,41.397705
"314",77.51095,41.411133
"315",77.471886,41.42456
"316",77.44259,41.43799
"317",77.420616,41.451416
"318",77.401085,41.464844
"319",77.383995,41.47827
"320",77.36935,41.4917
"321",77.35714,41.505127
"322",77.34249,41.518555
"323",77.332726,41.531982
"324",77.3254,41.54541
"325",77.315636,41.558838
"326",77.313194,41.572266
"327",77.34493,41.585693
"328",77.46456,41.59912
"329",77.738,41.61255
"330",78.22629,41.625977
"331",78.96361,41.639404
"332",79.93042,41.652832
"333",81.04372,41.66626
"334",82.18875,41.679688
"335",83.24101,41.693115
"336",84.09796,41.706543
"337",84.69123,41.71997
"338",85.0013,41.7334
"339",85.04768,41.746826
"340",84.88167,41.760254
"341",84.57404,41.77368
"342",84.18829,41.78711
"343",83.78302,41.800537
"344",83.38506,41.813965
"345",83.004196,41.827393
"346",82.64042,41.84082
"347",82.30595,41.854248
"348",81.99344,41.867676
"349",81.71755,41.881104
"350",81.48562,41.89453
"351",81.30984,41.90796
"352",81.180435,41.921387
"353",81.09987,41.934814
"354",81.05348,41.948242
"355",81.03151,41.96167
"356",81.0193,41.975098
"357",81.00221,41.988525
"358",80.95827,42.001953
"359",80.885025,42.01538
"360",80.7776,42.02881
"361",80.63355,42.042236
"362",80.45777,42.055664
"363",80.26978,42.06909
"364",80.06714,42.08252
"365",79.8645,42.095947
"366",79.66674,42.109375
"367",79.47387,42.122803
"368",79.293205,42.13623
"369",79.12962,42.14966
"370",78.9807,42.163086
"371",78.84642,42.176514
"372",78.72678,42.18994
"373",78.61936,42.20337
"374",78.52659,42.216797
"375",78.450905,42.230225
"376",78.38987,42.243652
"377",78.34104,42.25708
"378",78.30198,42.270508
"379",78.27024,42.283936
"380",78.23605,42.297363
"381",78.20187,42.31079
"382",78.167694,42.32422
"383",78.1384,42.337646
"384",78.11154,42.351074
"385",78.08713,42.364502
"386",78.07248,42.37793
"387",78.05539,42.391357
"388",78.03586,42.404785
"389",78.011444,42.418213
"390",77.979706,42.43164
"391",77.94064,42.44507
"392",77.92111,42.458496
"393",77.96994,42.471924
"394",78.14816,42.48535
"395",78.51682,42.49878
"396",79.10765,42.512207
"397",79.90845,42.525635
"398",80.85817,42.539062
"399",81.85428,42.55249
"400",82.77959,42.565918
"401",83.54131,42.579346
"402",84.071106,42.592773
"403",84.34455,42.6062
"404",84.37629,42.61963
"405",84.20294,42.633057
"406",83.88312,42.646484
"407",83.47051,42.659912
"408",83.018845,42.67334
"409",82.55253,42.686768
"410",82.09842,42.700195
"411",81.671165,42.713623
"412",81.28054,42.72705
"413",80.94118,42.74048
"414",80.66773,42.753906
"415",80.46754,42.767334
"416",80.34791,42.78076
"417",80.30396,42.79419
"418",80.32105,42.807617
"419",80.38209,42.821045
"420",80.465096,42.834473
"421",80.54322,42.8479
"422",80.59205,42.86133
"423",80.59693,42.874756
"424",80.56031,42.888184
"425",80.47486,42.90161
"426",80.34791,42.91504
"427",80.19409,42.928467
"428",80.01587,42.941895
"429",79.815674,42.955322
"430",79.61303,42.96875
"431",79.412834,42.982178
"432",79.2224,42.995605
"433",79.05394,43.009033
"434",78.77562,43.03589
"435",78.66575,43.049316
"436",78.57053,43.062744
"437",78.485085,43.07617
"438",78.41428,43.0896
"439",78.35569,43.103027
"440",78.311745,43.116455
"441",78.28489,43.129883
"442",78.27024,43.14331
"443",78.26292,43.15674
"444",78.25559,43.170166
"445",78.24582,43.183594
"446",78.23117,43.19702
"447",78.2092,43.21045
"448",78.184784,43.223877
"449",78.167694,43.237305
"450",78.1799,43.250732
"451",78.27512,43.26416
"452",78.51682,43.277588
"453",78.95384,43.291016
"454",79.605705,43.304443
"455",80.44068,43.31787
"456",81.38552,43.3313
"457",82.33524,43.344727
"458",83.18242,43.358154
"459",83.844055,43.371582
"460",84.26887,43.38501
"461",84.44953,43.398438
"462",84.40803,43.411865
"463",84.19318,43.425293
"464",83.85626,43.43872
"465",83.45098,43.45215
"466",83.00908,43.465576
"467",82.56718,43.479004
"468",82.13748,43.49243
"469",81.73708,43.50586
"470",81.373314,43.519287
"471",81.06081,43.532715
"472",80.797134,43.546143
"473",80.59449,43.55957
"474",80.45533,43.572998
"475",80.38453,43.586426
"476",80.36988,43.599854
"477",80.40162,43.61328
"478",80.45777,43.62671
"479",80.51392,43.640137
"480",80.5481,43.653564
"481",80.54566,43.666992
"482",80.49683,43.68042
"483",80.40406,43.693848
"484",80.26978,43.707275
"485",80.10132,43.720703
"486",79.91821,43.73413
"487",79.727776,43.74756
"488",79.53979,43.760986
"489",79.35668,43.774414
"490",79.18822,43.78784
"491",79.02464,43.80127
"492",78.873276,43.814697
"493",78.73411,43.828125
"494",78.61448,43.841553
"495",78.51682,43.85498
"496",78.4387,43.86841
"497",78.37522,43.881836
"498",78.32395,43.895264
"499",78.277565,43.90869
"500",78.24338,43.92212
"501",78.21896,43.935547
"502",78.19943,43.948975
"503",78.184784,43.962402
"504",78.17258,43.97583
"505",78.153046,43.989258
"506",78.153046,44.002686
"507",78.19943,44.016113
"508",78.35325,44.02954
"509",78.675514,44.04297
"510",79.21507,44.056396
"511",79.97681,44.069824
"512",80.92653,44.083252
"513",81.97391,44.09668
"514",83.004196,44.110107
"515",83.90265,44.123535
"516",84.58869,44.136963
"517",85.01839,44.15039
"518",85.189285,44.16382
"519",85.135574,44.177246
"520",84.90852,44.190674
"521",84.576485,44.2041
"522",84.2005,44.21753
"523",83.81964,44.230957
"524",83.46075,44.244385
"525",83.13359,44.257812
"526",82.828415,44.27124
"527",82.53544,44.284668
"528",82.25468,44.298096
"529",81.98123,44.311523
"530",81.72488,44.32495
"531",81.495384,44.33838
"532",81.30007,44.351807
"533",81.143814,44.365234
"534",81.03151,44.378662
"535",80.953384,44.39209
"536",80.89479,44.405518
"537",80.8362,44.418945
"538",80.77028,44.432373
"539",80.68238,44.4458
"540",80.570076,44.45923
"541",80.430916,44.472656
"542",80.26734,44.486084
"543",80.08667,44.49951
"544",79.886475,44.51294
"545",79.67895,44.526367
"546",79.46899,44.539795
"547",79.26147,44.553223
"548",79.05638,44.56665
"549",78.856186,44.58008
"550",78.660866,44.593506
"551",78.48264,44.606934
"552",78.32639,44.62036
"553",78.18967,44.63379
"554",78.07736,44.647217
"555",77.98703,44.660645
"556",77.91623,44.674072
"557",77.86008,44.6875
"558",77.82834,44.700928
"559",77.81369,44.714355
"560",77.80881,44.727783
"561",77.806366,44.74121
"562",77.806366,44.75464
"563",77.80148,44.768066
"564",77.79172,44.781494
"565",77.789276,44.79492
"566",77.8259,44.80835
"567",77.94064,44.821777
"568",78.20676,44.835205
"569",78.675514,44.848633
"570",79.381096,44.86206
"571",80.306404,44.87549
"572",81.38308,44.888916
"573",82.49882,44.902344
"574",83.54131,44.91577
"575",84.41047,44.9292
"576",85.04036,44.942627
"577",85.4139,44.956055
"578",85.5433,44.969482
"579",85.472496,44.98291
"580",85.262535,44.996338
"581",84.96956,45.009766
"582",84.63996,45.023193
"583",84.317696,45.03662
"584",84.017395,45.05005
"585",83.734184,45.063477
"586",83.46319,45.076904
"587",83.194626,45.090332
"588",82.916306,45.10376
"589",82.63554,45.117188
"590",82.354774,45.130615
"591",82.09354,45.144043
"592",81.8616,45.15747
"593",81.668724,45.1709
"594",81.512474,45.184326
"595",81.38796,45.197754
"596",81.28298,45.21118
"597",81.18776,45.22461
"598",81.08522,45.238037
"599",80.96559,45.251465
"600",80.82155,45.264893
"601",80.6482,45.27832
"602",80.45045,45.291748
"603",80.23804,45.305176
"604",80.01587,45.318604
"605",79.7937,45.33203
"606",79.57397,45.34546
"607",79.35668,45.358887
"608",79.14671,45.372314
"609",78.94896,45.385742
"610",78.765854,45.39917
"611",78.59495,45.412598
"612",78.4387,45.426025
"613",78.30198,45.439453
"614",78.18234,45.45288
"615",78.08713,45.46631
"616",78.00656,45.479736
"617",77.943085,45.493164
"618",77.88449,45.50659
"619",77.83078,45.52002
"620",77.77707,45.533447
"621",77.72579,45.546875
"622",77.679405,45.560303
"623",77.64034,45.57373
"624",77.60616,45.58716
"625",77.576866,45.600586
"626",77.54269,45.614014
"627",77.506065,45.62744
"628",77.47921,45.64087
"629",77.488976,45.654297
"630",77.593956,45.667725
"631",77.857635,45.681152
"632",78.345924,45.69458
"633",79.08324,45.708008
"634",80.04761,45.721436
"635",81.15846,45.734863
"636",82.30106,45.74829
"637",83.35577,45.76172
"638",84.21759,45.775146
"639",84.8304,45.788574
"640",85.17464,45.802002
"641",85.2723,45.81543
"642",85.169754,45.828857
"643",84.928055,45.842285
"644",84.60578,45.855713
"645",84.24933,45.86914
"646",83.895325,45.88257
"647",83.5584,45.895996
"648",83.243454,45.909424
"649",82.94316,45.92285
"650",82.652626,45.93628
"651",82.36942,45.949707
"652",82.09598,45.963135
"653",81.83719,45.976562
"654",81.60769,45.98999
"655",81.4197,46.003418
"656",81.27566,46.016846
"657",81.16579,46.030273
"658",81.08278,46.0437
"659",81.00954,46.05713
"660",80.92409,46.070557
"661",80.816666,46.083984
"662",80.67994,46.097412
"663",80.52125,46.11084
"664",80.3357,46.124268
"665",80.128174,46.137695
"666",79.89868,46.151123
"667",79.656975,46.16455
"668",79.41039,46.17798
"669",79.166245,46.191406
"670",78.93675,46.204834
"671",78.72678,46.21826
"672",78.53391,46.23169
"673",78.35813,46.245117
"674",78.19211,46.258545
"675",78.04318,46.271973
"676",77.908905,46.2854
"677",77.789276,46.29883
"678",77.68185,46.312256
"679",77.58907,46.325684
"680",77.50118,46.33911
"681",77.42306,46.35254
"682",77.35958,46.365967
"683",77.30831,46.379395
"684",77.26681,46.392822
"685",77.23262,46.40625
"686",77.205765,46.419678
"687",77.18379,46.433105
"688",77.15938,46.446533
"689",77.13252,46.45996
"690",77.103226,46.47339
"691",77.069046,46.486816
"692",77.02998,46.500244
"693",76.995804,46.51367
"694",76.998245,46.5271
"695",77.09834,46.540527
"696",77.36446,46.553955
"697",77.85275,46.567383
"698",78.60227,46.58081
"699",79.586174,46.59424
"700",80.719,46.607666
"701",81.88846,46.621094
"702",82.97002,46.63452
"703",83.861145,46.64795
"704",84.49836,46.661377
"705",84.86458,46.674805
"706",84.97444,46.688232
"707",84.8719,46.70166
"708",84.610664,46.715088
"709",84.25178,46.728516
"710",83.8465,46.741943
"711",83.42901,46.75537
"712",83.02373,46.7688
"713",82.63554,46.782227
"714",82.269325,46.795654
"715",81.9324,46.809082
"716",81.634544,46.82251
"717",81.38308,46.835938
"718",81.1902,46.849365
"719",81.06325,46.862793
"720",80.990005,46.87622
"721",80.955826,46.88965
"722",80.94118,46.903076
"723",80.921646,46.916504
"724",80.88014,46.92993
"725",80.80934,46.94336
"726",80.70435,46.956787
"727",80.56275,46.970215
"728",80.38697,46.983643
"729",80.18677,46.99707
"730",79.9646,47.010498
"731",79.727776,47.023926
"732",79.48119,47.037354
"733",79.23949,47.05078
"734",79.00023,47.06421
"735",78.77562,47.077637
"736",78.56565,47.091064
"737",78.37034,47.104492
"738",78.19455,47.11792
"739",78.03586,47.131348
"740",77.8967,47.144775
"741",77.77463,47.158203
"742",77.67208,47.17163
"743",77.58175,47.18506
"744",77.51095,47.198486
"745",77.454796,47.211914
"746",77.40597,47.22534
"747",77.35958,47.23877
"748",77.31808,47.252197
"749",77.281456,47.265625
"750",77.25216,47.279053
"751",77.23262,47.29248
"752",77.222855,47.30591
"753",77.21309,47.319336
"754",77.20088,47.332764
"755",77.17647,47.34619
"756",77.14229,47.35962
"757",77.100784,47.373047
"758",77.07393,47.386475
"759",77.103226,47.399902
"760",77.24727,47.41333
"761",77.576866,47.426758
"762",78.14572,47.440186
"763",78.96361,47.453613
"764",79.98901,47.46704
"765",81.14137,47.48047
"766",82.30106,47.493896
"767",83.34844,47.507324
"768",84.19562,47.520752
"769",84.78645,47.53418
"770",85.09651,47.547607
"771",85.152664,47.561035
"772",84.998856,47.574463
"773",84.69367,47.58789
"774",84.29328,47.60132
"775",83.83673,47.614746
"776",83.35821,47.628174
"777",82.87724,47.6416
"778",82.41581,47.65503
"779",81.99344,47.668457
"780",81.62966,47.681885
"781",81.33425,47.695312
"782",81.1194,47.70874
"783",80.98268,47.722168
"784",80.90944,47.735596
"785",80.88747,47.749023
"786",80.88991,47.76245
"787",80.89479,47.77588
"788",80.87526,47.789307
"789",80.816666,47.802734
"790",80.709236,47.816162
"791",80.56031,47.82959
"792",80.36988,47.843018
"793",80.147705,47.856445
"794",79.91333,47.869873
"795",79.674065,47.8833
"796",79.43969,47.89673
"797",79.009995,47.923584
"798",78.82201,47.93701
"799",78.64866,47.95044
"800",78.49241,47.963867
"801",78.348366,47.977295
"802",78.221405,47.990723
"803",78.1091,48.00415
"804",78.011444,48.01758
"805",77.92844,48.031006
"806",77.855194,48.044434
"807",77.79172,48.05786
"808",77.730675,48.07129
"809",77.66476,48.084717
"810",77.59884,48.098145
"811",77.53292,48.111572
"812",77.46456,48.125
"813",77.401085,48.138428
"814",77.34493,48.151855
"815",77.29366,48.165283
"816",77.24483,48.17871
"817",77.196,48.19214
"818",77.152054,48.205566
"819",77.1252,48.218994
"820",77.154495,48.23242
"821",77.298546,48.24585
"822",77.63058,48.259277
"823",78.19943,48.272705
"824",79.027084,48.286133
"825",80.08179,48.29956
"826",81.27566,48.31299
"827",82.493935,48.326416
"828",83.61944,48.339844
"829",84.542305,48.35327
"830",85.20882,48.3667
"831",85.59457,48.380127
"832",85.711754,48.393555
"833",85.59945,48.406982
"834",85.31136,48.42041
"835",84.91341,48.433838
"836",84.456856,48.447266
"837",83.98566,48.460693
"838",83.52422,48.47412
"839",83.087204,48.48755
"840",82.67704,48.500977
"841",82.30839,48.514404
"842",81.988556,48.527832
"843",81.72732,48.54126
"844",81.53933,48.554688
"845",81.41482,48.568115
"846",81.3489,48.581543
"847",81.32693,48.59497
"848",81.324486,48.6084
"849",81.3196,48.621826
"850",81.29519,48.635254
"851",81.23903,48.64868
"852",81.13893,48.66211
"853",80.99245,48.675537
"854",80.80202,48.688965
"855",80.5774,48.702393
"856",80.325935,48.71582
"857",80.05493,48.729248
"858",79.77661,48.742676
"859",79.50805,48.756104
"860",79.25414,48.76953
"861",79.01976,48.78296
"862",78.802475,48.796387
"863",78.607155,48.809814
"864",78.433815,48.823242
"865",78.28001,48.83667
"866",78.14572,48.850098
"867",78.028534,48.863525
"868",77.925995,48.876953
"869",77.840546,48.89038
"870",77.65011,48.930664
"871",77.60372,48.94409
"872",77.56222,48.95752
"873",77.523155,48.970947
"874",77.48165,48.984375
"875",77.43282,48.997803
"876",77.37667,49.01123
"877",77.313194,49.02466
"878",77.25704,49.038086
"879",77.25704,49.051514
"880",77.37667,49.06494
"881",77.68673,49.07837
"882",78.23361,49.091797
"883",79.03441,49.105225
"884",80.042725,49.118652
"885",81.17311,49.13208
"886",82.30106,49.145508
"887",83.3167,49.158936
"888",84.13214,49.172363
"889",84.68879,49.18579
"890",84.972,49.19922
"891",85.00618,49.212646
"892",84.83284,49.226074
"893",84.51057,49.239502
"894",84.1004,49.25293
"895",83.64385,49.266357
"896",83.17998,49.279785
"897",82.72587,49.293213
"898",82.30106,49.30664
"899",81.91531,49.32007
"900",81.58816,49.333496
"901",81.33181,49.346924
"902",81.15602,49.36035
"903",81.058365,49.37378
"904",81.024185,49.387207
"905",81.03639,49.400635
"906",81.07057,49.414062
"907",81.10231,49.42749
"908",81.10475,49.440918
"909",81.06569,49.454346
"910",80.97536,49.467773
"911",80.833755,49.4812
"912",80.638435,49.49463
"913",80.40894,49.508057
"914",80.15259,49.521484
"915",79.87427,49.534912
"916",79.58373,49.54834
"917",79.29809,49.561768
"918",79.01488,49.575195
"919",78.73655,49.588623
"920",78.47532,49.60205
"921",78.23361,49.61548
"922",78.009,49.628906
"923",77.803925,49.642334
"924",77.625694,49.65576
"925",77.47433,49.66919
"926",77.34249,49.682617
"927",77.23018,49.696045
"928",77.13252,49.709473
"929",77.051956,49.7229
"930",76.981155,49.73633
"931",76.91768,49.749756
"932",76.86641,49.763184
"933",76.822464,49.77661
"934",76.7834,49.79004
"935",76.749214,49.803467
"936",76.715034,49.816895
"937",76.68574,49.830322
"938",76.67597,49.84375
"939",76.72724,49.857178
"940",76.912796,49.870605
"941",77.30343,49.884033
"942",77.94797,49.89746
"943",78.86107,49.91089
"944",79.9939,49.924316
"945",81.24635,49.937744
"946",82.496376,49.95117
"947",83.617,49.9646
"948",84.51301,49.978027
"949",85.12337,49.991455
"950",85.4432,50.004883
"951",85.49203,50.01831
"952",85.333336,50.03174
"953",85.02571,50.045166
"954",84.630196,50.058594
"955",84.19318,50.07202
"956",83.74151,50.08545
"957",83.29229,50.098877
"958",82.85771,50.112305
"959",82.45731,50.125732
"960",82.1033,50.13916
"961",81.8201,50.152588
"962",81.617455,50.166016
"963",81.495384,50.179443
"964",81.446556,50.19287
"965",81.44167,50.2063
"966",81.461205,50.219727
"967",81.47341,50.233154
"968",81.461205,50.246582
"969",81.409935,50.26001
"970",81.307396,50.273438
"971",81.1487,50.286865
"972",80.94118,50.300293
"973",80.69703,50.31372
"974",80.42115,50.32715
"975",80.130615,50.340576
"976",79.83276,50.354004
"977",79.537346,50.36743
"978",79.24437,50.38086
"979",78.96361,50.394287
"980",78.69993,50.407715
"981",78.45823,50.421143
"982",78.23605,50.43457
"983",78.0383,50.447998
"984",77.872284,50.461426
"985",77.730675,50.474854
"986",77.61349,50.48828
"987",77.52071,50.50171
"988",77.44747,50.515137
"989",77.383995,50.528564
"990",77.332726,50.541992
"991",77.28878,50.55542
"992",77.24971,50.568848
"993",77.205765,50.582275
"994",77.152054,50.595703
"995",77.086136,50.60913
"996",77.01289,50.62256
"997",76.95674,50.635986
"998",76.95186,50.649414
"999",77.05928,50.66284
"1000",77.347374,50.67627
"1001",77.872284,50.689697
"1002",78.64866,50.703125
"1003",79.64965,50.716553
"1004",80.78981,50.72998
"1005",81.95438,50.74341
"1006",83.018845,50.756836
"1007",83.88068,50.770264
"1008",84.48371,50.78369
"1009",84.80354,50.79712
"1010",84.86458,50.810547
"1011",84.7132,50.823975
"1012",84.40803,50.837402
"1013",84.01251,50.85083
"1014",83.56817,50.864258
"1015",83.104294,50.877686
"1016",82.64286,50.891113
"1017",82.196075,50.90454
"1018",81.77615,50.91797
"1019",81.39773,50.931396
"1020",81.08278,50.944824
"1021",80.83864,50.958252
"1022",80.67017,50.97168
"1023",80.570076,50.985107
"1024",80.52613,50.998535
"1025",80.5066,51.011963
"1026",80.48707,51.02539
"1027",80.448006,51.03882
"1028",80.37476,51.052246
"1029",80.255135,51.065674
"1030",80.08667,51.0791
"1031",79.87427,51.09253
"1032",79.62524,51.105957
"1033",79.3518,51.119385
"1034",79.063705,51.132812
"1035",78.78294,51.14624
"1036",78.519264,51.159668
"1037",78.27512,51.173096
"1038",78.05295,51.186523
"1039",77.85275,51.19995
"1040",77.66964,51.21338
"1041",77.503624,51.226807
"1042",77.3547,51.240234
"1043",77.22774,51.253662
"1044",77.12276,51.26709
"1045",77.03975,51.280518
"1046",76.97627,51.293945
"1047",76.929886,51.307373
"1048",76.89815,51.3208
"1049",76.88106,51.33423
"1050",76.87373,51.347656
"1051",76.87373,51.361084
"1052",76.88106,51.37451
"1053",76.88838,51.38794
"1054",76.89082,51.401367
"1055",76.8835,51.414795
"1056",76.86641,51.428223
"1057",76.83223,51.44165
"1058",76.79317,51.45508
"1059",76.773636,51.468506
"1060",76.82002,51.481934
"1061",77.00069,51.49536
"1062",77.38155,51.50879
"1063",78.011444,51.522217
"1064",78.887924,51.535645
"1065",79.96704,51.549072
"1066",81.146255,51.5625
"1067",82.303505,51.575928
"1068",83.3167,51.589355
"1069",84.088196,51.602783
"1070",84.576485,51.61621
"1071",84.76936,51.62964
"1072",84.70588,51.643066
"1073",84.44221,51.656494
"1074",84.04913,51.66992
"1075",83.580376,51.68335
"1076",83.087204,51.696777
"1077",82.58671,51.710205
"1078",82.108185,51.723633
"1079",81.66628,51.73706
"1080",81.28298,51.75049
"1081",80.970474,51.763916
"1082",80.7483,51.777344
"1083",80.61402,51.79077
"1084",80.55543,51.8042
"1085",80.55543,51.817627
"1086",80.584724,51.831055
"1087",80.621346,51.844482
"1088",80.63355,51.85791
"1089",80.60914,51.871338
"1090",80.533455,51.884766
"1091",80.4065,51.898193
"1092",80.23071,51.91162
"1093",80.01343,51.92505
"1094",79.766846,51.938477
"1095",79.50317,51.951904
"1096",79.22972,51.965332
"1097",78.958725,51.97876
"1098",78.69993,51.992188
"1099",78.45823,52.005615
"1100",78.23605,52.019043
"1101",78.0383,52.03247
"1102",77.86984,52.0459
"1103",77.733116,52.059326
"1104",77.62325,52.072754
"1105",77.5378,52.08618
"1106",77.47677,52.09961
"1107",77.44503,52.113037
"1108",77.4255,52.126465
"1109",77.418175,52.139893
"1110",77.41085,52.15332
"1111",77.39376,52.166748
"1112",77.347374,52.180176
"1113",77.27657,52.193604
"1114",77.18135,52.20703
"1115",77.07149,52.22046
"1116",76.961624,52.233887
"1117",76.89082,52.247314
"1118",76.910355,52.260742
"1119",77.08125,52.27417
"1120",77.45724,52.287598
"1121",78.07248,52.301025
"1122",78.924545,52.314453
"1123",79.957275,52.32788
"1124",81.08034,52.34131
"1125",82.18387,52.354736
"1126",83.15312,52.368164
"1127",83.895325,52.38159
"1128",84.3592,52.39502
"1129",84.53742,52.408447
"1130",84.46174,52.421875
"1131",84.18829,52.435303
"1132",83.790344,52.44873
"1133",83.3167,52.46216
"1134",82.80888,52.475586
"1135",82.286415,52.489014
"1136",81.77615,52.50244
"1137",81.30007,52.51587
"1138",80.88258,52.529297
"1139",80.5481,52.542725
"1140",80.31129,52.556152
"1141",80.17212,52.56958
"1142",80.11841,52.583008
"1143",80.128174,52.596436
"1144",80.181885,52.609863
"1145",80.24292,52.62329
"1146",80.289314,52.63672
"1147",80.2942,52.650146
"1148",80.25269,52.663574
"1149",80.15503,52.677002
"1150",80.01099,52.69043
"1151",79.82544,52.703857
"1152",79.61059,52.717285
"1153",79.36889,52.730713
"1154",79.114975,52.74414
"1155",78.84642,52.75757
"1156",78.5803,52.770996
"1157",78.32639,52.784424
"1158",78.08957,52.79785
"1159",77.88205,52.81128
"1160",77.7087,52.824707
"1161",77.574425,52.838135
"1162",77.47921,52.851562
"1163",77.41329,52.86499
"1164",77.37667,52.878418
"1165",77.35226,52.891846
"1166",77.33517,52.905273
"1167",77.315636,52.9187
"1168",77.296104,52.93213
"1169",77.27657,52.945557
"1170",77.25216,52.958984
"1171",77.22774,52.972412
"1172",77.22041,52.98584
"1173",77.26681,52.999268
"1174",77.42794,53.012695
"1175",77.77463,53.026123
"1176",78.35569,53.03955
"1177",79.183334,53.05298
"1178",80.218506,53.066406
"1179",81.3782,53.079834
"1180",82.545204,53.09326
"1181",83.595024,53.10669
"1182",84.43244,53.120117
"1183",84.98665,53.133545
"1184",85.240555,53.146973
"1185",85.223465,53.1604
"1186",84.99153,53.17383
"1187",84.61555,53.187256
"1188",84.16144,53.200684
"1189",83.67803,53.21411
"1190",83.192184,53.22754
"1191",82.7161,53.240967
"1192",82.26444,53.254395
"1193",81.846954,53.267822
"1194",81.478294,53.28125
"1195",81.17067,53.294678
"1196",80.936295,53.308105
"1197",80.7776,53.321533
"1198",80.68726,53.33496
"1199",80.6482,53.34839
"1200",80.64332,53.361816
"1201",80.6482,53.375244
"1202",80.63355,53.38867
"1203",80.58228,53.4021
"1204",80.47486,53.415527
"1205",80.306404,53.428955
"1206",80.08179,53.442383
"1207",79.81323,53.45581
"1208",79.51049,53.46924
"1209",79.19554,53.482666
"1210",78.8806,53.496094
"1211",78.57053,53.50952
"1212",78.28001,53.52295
"1213",78.01633,53.536377
"1214",77.786835,53.549805
"1215",77.59884,53.563232
"1216",77.454796,53.57666
"1217",77.34493,53.590088
"1218",77.26681,53.603516
"1219",77.21065,53.616943
"1220",77.1667,53.63037
"1221",77.117874,53.6438
"1222",77.05928,53.657227
"1223",76.98848,53.670654
"1224",76.90303,53.684082
"1225",76.81514,53.69751
"1226",76.754105,53.710938
"1227",76.76631,53.724365
"1228",76.927444,53.737793
"1229",77.298546,53.75122
"1230",77.93088,53.76465
"1231",78.82933,53.778076
"1232",79.954834,53.791504
"1233",81.20973,53.80493
"1234",82.4622,53.81836
"1235",83.59258,53.831787
"1236",84.49348,53.845215
"1237",85.10872,53.858643
"1238",85.43099,53.87207
"1239",85.489586,53.885498
"1240",85.347984,53.898926
"1241",85.07698,53.912354
"1242",84.73029,53.92578
"1243",84.34455,53.93921
"1244",83.93683,53.952637
"1245",83.51202,53.966064
"1246",83.06767,53.979492
"1247",82.61112,53.99292
"1248",82.15213,54.006348
"1249",81.722435,54.019775
"1250",81.34402,54.033203
"1251",81.03395,54.04663
"1252",80.797134,54.06006
"1253",80.638435,54.073486
"1254",80.5359,54.086914
"1255",80.465096,54.10034
"1256",80.40162,54.11377
"1257",80.32105,54.127197
"1258",80.19653,54.140625
"1259",80.01587,54.154053
"1260",79.781494,54.16748
"1261",79.500725,54.18091
"1262",79.18822,54.194336
"1263",78.873276,54.207764
"1264",78.56565,54.22119
"1265",78.27512,54.23462
"1266",78.00656,54.248047
"1267",77.7551,54.261475
"1268",77.523155,54.274902
"1269",77.31075,54.28833
"1270",77.11543,54.301758
"1271",76.94942,54.315186
"1272",76.81026,54.328613
"1273",76.700386,54.34204
"1274",76.61494,54.35547
"1275",76.55634,54.368896
"1276",76.507515,54.382324
"1277",76.46113,54.395752
"1278",76.404976,54.40918
"1279",76.34882,54.422607
"1280",76.30976,54.436035
"1281",76.334175,54.449463
"1282",76.49531,54.46289
"1283",76.86885,54.47632
"1284",77.51095,54.489746
"1285",78.4387,54.503174
"1286",79.61791,54.5166
"1287",80.95094,54.53003
"1288",82.303505,54.543457
"1289",83.53887,54.556885
"1290",84.54963,54.570312
"1291",85.26009,54.58374
"1292",85.65072,54.597168
"1293",85.75815,54.610596
"1294",85.64095,54.624023
"1295",85.37972,54.63745
"1296",85.0428,54.65088
"1297",84.67902,54.664307
"1298",84.30793,54.677734
"1299",83.93439,54.691162
"1300",83.54131,54.70459
"1301",83.12871,54.718018
"1302",82.69901,54.731445
"1303",82.27177,54.744873
"1304",81.86893,54.7583
"1305",81.512474,54.77173
"1306",81.21217,54.785156
"1307",80.96803,54.798584
"1308",80.77516,54.81201
"1309",80.61158,54.82544
"1310",80.45533,54.838867
"1311",80.291756,54.852295
"1312",80.10376,54.865723
"1313",79.87427,54.87915
"1314",79.61059,54.89258
"1315",79.3225,54.906006
"1316",79.0222,54.919434
"1317",78.71946,54.93286
"1318",78.42893,54.94629
"1319",78.150604,54.959717
"1320",77.88449,54.973145
"1321",77.63546,54.986572
"1322",77.40841,55
"1323",77.20332,55.013428
"1324",77.0251,55.026855
"1325",76.876175,55.040283
"1326",76.754105,55.05371
"1327",76.64912,55.06714
"1328",76.561226,55.080566
"1329",76.48798,55.093994
"1330",76.422066,55.10742
"1331",76.35859,55.12085
"1332",76.297554,55.134277
"1333",76.23163,55.147705
"1334",76.17059,55.161133
"1335",76.1535,55.17456
"1336",76.243835,55.18799
"1337",76.52216,55.201416
"1338",77.06416,55.214844
"1339",77.91623,55.22827
"1340",79.061264,55.2417
"1341",80.430916,55.255127
"1342",81.89334,55.268555
"1343",83.29229,55.281982
"1344",84.49592,55.29541
"1345",85.40658,55.308838
"1346",85.977875,55.322266
"1347",86.22446,55.335693
"1348",86.20737,55.34912
"1349",85.99985,55.36255
"1350",85.680016,55.375977
"1351",85.316246,55.389404
"1352",84.947586,55.402832
"1353",84.58137,55.41626
"1354",84.20294,55.429688
"1355",83.80011,55.443115
"1356",83.34844,55.456543
"1357",82.85771,55.46997
"1358",82.34989,55.4834
"1359",81.85672,55.496826
"1360",81.40505,55.510254
"1361",81.01198,55.52368
"1362",80.68726,55.53711
"1363",80.42115,55.550537
"1364",80.20386,55.563965
"1365",80.01099,55.577393
"1366",79.823,55.59082
"1367",79.61791,55.604248
"1368",79.38842,55.617676
"1369",79.132065,55.631104
"1370",78.84398,55.64453
"1371",78.53147,55.65796
"1372",78.20187,55.671387
"1373",77.872284,55.684814
"1374",77.55245,55.698242
"1375",77.24727,55.71167
"1376",76.96651,55.725098
"1377",76.71259,55.738525
"1378",76.48554,55.751953
"1379",76.282906,55.76538
"1380",76.10712,55.77881
"1381",75.95575,55.792236
"1382",75.82391,55.805664
"1383",75.70916,55.81909
"1384",75.60906,55.83252
"1385",75.53094,55.845947
"1386",75.47967,55.859375
"1387",75.46014,55.872803
"1388",75.47967,55.88623
"1389",75.543144,55.89966
"1390",75.6408,55.913086
"1391",75.76776,55.926514
"1392",75.90692,55.93994
"1393",76.04364,55.95337
"1394",76.16327,55.966797
"1395",76.25361,55.980225
"1396",76.3122,55.993652
"1397",76.33662,56.00708
"1398",76.32929,56.020508
"1399",76.29023,56.033936
"1400",76.226746,56.047363
"1401",76.13641,56.06079
"1402",76.02655,56.07422
"1403",75.914246,56.087646
"1404",75.82147,56.101074
"1405",75.7995,56.114502
"1406",75.92157,56.12793
"1407",76.28779,56.141357
"1408",76.978714,56.154785
"1409",78.04318,56.168213
"1410",79.449455,56.18164
"1411",81.092545,56.19507
"1412",82.811325,56.208496
"1413",84.43,56.221924
"1414",85.78989,56.23535
"1415",86.79576,56.24878
"1416",87.415886,56.262207
"1417",87.67956,56.275635
"1418",87.657585,56.289062
"1419",87.447624,56.30249
"1420",87.13756,56.315918
"1421",86.7982,56.329346
"1422",86.47349,56.342773
"1423",86.17319,56.3562
"1424",85.87778,56.36963
"1425",85.56283,56.383057
"1426",85.20149,56.396484
"1427",84.78157,56.409912
"1428",84.31281,56.42334
"1429",83.82208,56.436768
"1430",83.33868,56.450195
"1431",82.89189,56.463623
"1432",82.5037,56.47705
"1433",82.176544,56.49048
"1434",81.89578,56.503906
"1435",81.64431,56.517334
"1436",81.40017,56.53076
"1437",81.13893,56.54419
"1438",80.848404,56.557617
"1439",80.52125,56.571045
"1440",80.16235,56.584473
"1441",79.77905,56.5979
"1442",79.37621,56.61133
"1443",78.96361,56.624756
"1444",78.551,56.638184
"1445",78.15793,56.65161
"1446",77.789276,56.66504
"1447",77.467,56.678467
"1448",77.20088,56.691895
"1449",76.99336,56.705322
"1450",76.83223,56.71875
"1451",76.717476,56.732178
"1452",76.63691,56.745605
"1453",76.5832,56.759033
"1454",76.544136,56.77246
"1455",76.507515,56.78589
"1456",76.46601,56.799316
"1457",76.41718,56.812744
"1458",76.35615,56.82617
"1459",76.28535,56.8396
"1460",76.21454,56.853027
"1461",76.13397,56.866455
"1462",76.04852,56.879883
"1463",75.95087,56.89331
"1464",75.84833,56.90674
"1465",75.7409,56.920166
"1466",75.6408,56.933594
"1467",75.55535,56.94702
"1468",75.48211,56.96045
"1469",75.421074,56.973877
"1470",75.369804,56.987305
"1471",75.3283,57.000732
"1472",75.29656,57.01416
"1473",75.27459,57.027588
"1474",75.27703,57.041016
"1475",75.32098,57.054443
"1476",75.457695,57.06787
"1477",75.755554,57.0813
"1478",76.299995,57.094727
"1479",77.15938,57.108154
"1480",78.35325,57.121582
"1481",79.835205,57.13501
"1482",81.48806,57.148438
"1483",83.15312,57.161865
"1484",84.66682,57.175293
"1485",85.892426,57.18872
"1486",86.7567,57.20215
"1487",87.24498,57.215576
"1488",87.40124,57.229004
"1489",87.30602,57.24243
"1490",87.03502,57.25586
"1491",86.67124,57.269287
"1492",86.278175,57.282715
"1493",85.8851,57.296143
